id_municipio,Nombre,Tipo,Latitud,Longitud
7089,Belén (Casa del Migrante Tapachula),Albergue,14.887187,-92.2441517
7089,Ejército de Salvación (Tapachula),Albergue,14.9202606,-92.2524233
7089,Jesús El Buen Pastor,Albergue,14.8766423,-92.307416
7089,Albergue Infantil La Esperanza,Albergue,14.9067037,-92.259212
7101,Jesús Esperanza en el Camino,Albergue,16.7409097,-93.1195536
7101,Una Ayuda Para Ti Mujer Migrante,Albergue,16.7432562,-93.1223196
7078,San Martín de Porres,Albergue,16.7379825,-92.6469981
7065,Jtatic Samuel Ruíz García,Albergue,17.5451071,-91.9947052
7009,Hogar de la Misericordia,Albergue,16.2260654,-93.9035253
27017,La 72,Albergue,17.461921,-91.4309629
27012,El Santuario,Albergue,17.63016,-92.539515
21084,Hermanos en el Camino,Albergue,16.5488661,-95.1028597
20057,Ruchagalú,Albergue,16.8926596,-95.0403417
20067,COMI,Albergue,17.0634243,-96.7344282
30039,Diócesis de Coatzacoalcos,Albergue,18.1267827,-94.4515469
30116,Mons. Guillermo Ranzahuer,Albergue,17.9326714,-94.9017573
30116,Decanal Guadalupano,Albergue,18.4373695,-96.3491559
30014,Comedor Las Patronas,Comedor,18.8244371,-96.9232991
29005,La Sagrada Familia,Albergue,19.4173196,-98.1316175
21114,Casa de Atención a Desamparados,Albergue,19.0724433,-98.21049
21114,Parroquia de la Asunción,Albergue,19.0629875,-98.2280542
21114,San Felipe Hueyotlipan,Albergue,19.0862736,-98.2116362
9010,Casa Tochán,Albergue,19.3983709,-99.1949275
9015,Casa de los Amigos,Albergue,19.4381105,-99.1545271
9015,Casa Mambré,Albergue,19.450889,-99.136694
9005,CAFEMIN,Albergue,19.463706,-99.1302244
15010,Un Oasis en Medio del Camino,Albergue,19.9778829,-99.1829096
15035,San Juan Diego,Albergue,19.8433522,-99.1909054
13029,Casa del Peregrino Migrante,Albergue,20.3685143,-99.6923611
13015,Comedor El Samaritano,Comedor,20.0463236,-99.2416682
22017,González y Martínez,Albergue,20.5091637,-99.8629694
16072,CAMMI,Comedor,20.6012122,-100.3847198
1100,ABBA,Albergue,20.5410665,-100.8018514
1100,Manos Extendidas,Albergue,20.5275921,-100.8030577
11027,San Carlos Borromeo,Albergue,20.555229,-101.201472
11017,San Juan de Dios,Albergue,20.6999054,-101.3497854
11020,Galilea,Albergue,21.1079366,-101.6835742
24028,Casa de la Caridad Hogar del Migrante,Albergue,22.1647841,-100.9701881
24028,Casa del Migrante Saltillo,Albergue,25.4040977,-101.0248526
5035,Centro de Día Jesús Torres,Albergue,25.4985795,-103.3996323
5035,Posada del Peregrino Cáritas de Torreón,Albergue,25.5398529,-103.3974238
5025,Ejército de Salvación en Piedras Negras,Albergue,28.708685,-100.5215919
5025,Frontera Digna,Albergue,28.7049032,-100.5218564
5002,Emmaus,Albergue,29.3115351,-100.9228339
19039,Casanicolás,Albergue,25.6642132,-100.2144739
19039,Casa Indi,Albergue,25.6987509,-100.3259542
19048,Comedor Casa Monarca,Comedor,25.6694542,-100.4617468
28027,Nazareth,Albergue,27.4875118,-99.4848195
28032,Nuestra Señora de Guadalupe (Reynosa),Albergue,26.097071,-98.2868182
28032,Senda de Vida,Albergue,26.0998877,-98.2845526
8044,San Juan Diego y San Francisco de Asís,Albergue,25.8370289,-97.4860038
1001,Albergue,21.8859981,-102.3075858
8028,Sembrando Esperanza,Albergue,22.7640846,-102.658088
14039,FM4 Paso Libre,Albergue,20.6674382,-103.379065
14098,El Refugio,Albergue,20.6012698,-103.3495971
18006,Obsidiana,Albergue,21.0393064,-104.3709025
18017,Casa de la Esperanza San José,Albergue,21.5107421,-104.8885511
25012,Comedor Amigos de San José y María,Comedor,23.2023809,-106.4226531
25012,Cáritas Mazatlán,Albergue,23.254298,-106.4268149
25012,Una Gota en el Océano,Albergue,23.2380675,-106.3851732
25012,Uno de Siete Migrando,Albergue,28.701004,-106.1047821
32008,Madre Teresa de Calcuta,Comedor,28.3926332,-106.9065022
16046,Casa del migrante Juárez,Albergue,31.6828867,-106.3796683
26030,Comedor San Luis Gonzaga,Comedor,29.1156609,-110.8965213
26043,CAMDEP KINO,Albergue,31.3300596,-110.9644821
26043,San Juan Bosco,Albergue,31.3134257,-110.9433928
26043,Casa Nazareth,Albergue,31.3281961,-110.9662504
26002,CAM Exodus,Albergue,31.3288459,-109.5662142
26002,Centro de Recursos para Migrantes,Albergue,31.3332966,-109.5611638
26002,Casas YMCA de menores migrantes (Agua Prieta),Albergue,31.3278378,-109.5398744
26004,CCAMYN,Albergue,30.7182932,-111.8396545
26017,Comedor CCAM Caborca,Comedor,30.7185086,-112.1539885
26055,La Divina Providencia,Albergue,32.4748416,-114.7730048
2002,Alfa y Omega,Albergue,32.6614594,-115.4917189
2002,Hotel de los Migrantes Ángeles sin Fronteras,Albergue,32.6626989,-115.495064
2002,Casa Betania Diócesis de Mexicali,Albergue,32.6071536,-115.4437065
2002,Centro Pastoral Maná,Albergue,32.6456765,-115.4584464
2002,Comedor Cobina,Comedor,32.6600362,-115.490532
2002,El Camino a un Nuevo Amanecer,Albergue,32.6535819,-115.4790553
2002,Grupo de Ayuda para el Migrante,Albergue,32.6560579,-115.4987363
2002,Juvenil del Desierto Menores Migrantes,Albergue,32.6544804,-115.4653269
2003,Casa del Migrante Tecate,Albergue,32.5629723,-116.6039563
2001,San Vicente,Albergue,31.8669166,-116.6009625
2004,Casa de Oración del Migrante,Albergue,32.530414,-116.9980122
2004,Casa del Deportado Sagrado Corazón,Albergue,32.5390823,-117.0541606
2004,Casa del Migrante en Tijuana,Albergue,32.5229482,-117.0017929
2004,Casa Puerta de Esperanza,Albergue,32.5337959,-117.0067949
2004,Ejército de Salvación (Tijuana),Albergue,32.5353128,-117.0124358
2004,La Viña de Tijuana,Albergue,32.5400929,-117.0454695
2004,Madre Assunta,Albergue,32.523395,-117.0013542
2004,Movimiento Juventud 2000,Albergue,32.5403182,-117.0393728
2004,Desayunador Padre Chava,Comedor,32.5367559,-117.032126
2004,Roca de Salvación,Albergue,32.4703451,-116.9060353
2004,Templo Embajadores de Jesús,Albergue,32.5078566,-117.0797079
2004,Volviendo a la Patria,Albergue,32.5359546,-117.0001271
2004,Casas YMCA de menores migrantes (Tijuana),Albergue,32.5137959,-117.0215203
2004,Madre Assunta, Albergue, 32.5233950, -117.0013542
2004,Movimiento Juventud 2000, Albergue, 32.5403182, -117.0393728
2004,Desayunador Padre Chava, Comedor, 32.5367559, -117.0321260
2004,Roca de Salvación, Albergue, 32.4703451, -116.9060353
2004,Templo Embajadores de Jesús, Albergue, 32.5078566, -117.0797079
2004,Volviendo a la Patria, Albergue, 32.5359546, -117.0001271
2004,Casas YMCA de menores migrantes (Tijuana), Albergue, 32.5137959, -117.0215203
2004,San Ysidro / El Chaparral,Frontera,32.5392,-117.0242
2003,Tecate (Garita Tecate),Frontera,32.576453,-116.626077
2002,Calexico / Mexicali (Baja California),Frontera,32.6786,-115.4989
2002,Algodones,Frontera,32.7153,-114.7225
26070,Sonoita (Sonora),Frontera,31.8617,-112.8536
26060,Sasabe (Sonora),Frontera,31.4807,-111.5436
26043,Nogales (Sonora),Frontera,31.3322,-110.9395
26039,Naco (Sonora),Frontera,31.3333,-109.9333
26002,Aguaprieta (Sonora),Frontera,31.3211,-109.5628
8005,Puerto Palomas (Chihuahua),Frontera,31.7808,-107.6356
8037,El Paso (Chihuahua),Frontera,31.7420,-106.4869
8052,Ojinaga (Chihuahua),Frontera,29.5669,-104.4160
5025,Eagle Pass (Coahuila),Frontera,28.705460012,-100.5125030
5002,Del Río (Coahuila),Frontera,29.3228,-100.9598
28032,Laredo (Tamaulipas),Frontera,27.4962,-99.5075
28032,Hidalgo (Tamaulipas),Frontera,26.0832,-98.2773
28022,Brownsville (Tamaulipas),Frontera,25.8835,-97.4725