Nombre,Tipo,Latitud,Longitud
Belén (Casa del Migrante Tapachula),Albergue,14.887187,-92.2441517
Ejército de Salvación (Tapachula),Albergue,14.9202606,-92.2524233
Jesús El Buen Pastor,Albergue,14.8766423,-92.307416
Albergue Infantil La Esperanza,Albergue,14.9067037,-92.259212
Jesús Esperanza en el Camino,Albergue,16.7409097,-93.1195536
Una Ayuda Para Ti Mujer Migrante,Albergue,16.7432562,-93.1223196
San Martín de Porres,Albergue,16.7379825,-92.6469981
Jtatic Samuel Ruíz García,Albergue,17.5451071,-91.9947052
Hogar de la Misericordia,Albergue,16.2260654,-93.9035253
La 72,Albergue,17.461921,-91.4309629
El Santuario,Albergue,17.63016,-92.539515
Hermanos en el Camino,Albergue,16.5488661,-95.1028597
Ruchagalú,Albergue,16.8926596,-95.0403417
COMI,Albergue,17.0634243,-96.7344282
Diócesis de Coatzacoalcos,Albergue,18.1267827,-94.4515469
Mons. Guillermo Ranzahuer,Albergue,17.9326714,-94.9017573
Decanal Guadalupano,Albergue,18.4373695,-96.3491559
Comedor Las Patronas,Comedor,18.8244371,-96.9232991
La Sagrada Familia,Albergue,19.4173196,-98.1316175
Casa de Atención a Desamparados,Albergue,19.0724433,-98.21049
Parroquia de la Asunción,Albergue,19.0629875,-98.2280542
San Felipe Hueyotlipan,Albergue,19.0862736,-98.2116362
Casa Tochán,Albergue,19.3983709,-99.1949275
Casa de los Amigos,Albergue,19.4381105,-99.1545271
Casa Mambré,Albergue,19.450889,-99.136694
CAFEMIN,Albergue,19.463706,-99.1302244
Un Oasis en Medio del Camino,Albergue,19.9778829,-99.1829096
San Juan Diego,Albergue,19.8433522,-99.1909054
Casa del Peregrino Migrante,Albergue,20.3685143,-99.6923611
Comedor El Samaritano,Comedor,20.0463236,-99.2416682
González y Martínez,Albergue,20.5091637,-99.8629694
CAMMI,Comedor,20.6012122,-100.3847198
ABBA,Albergue,20.5410665,-100.8018514
Manos Extendidas,Albergue,20.5275921,-100.8030577
San Carlos Borromeo,Albergue,20.555229,-101.201472
San Juan de Dios,Albergue,20.6999054,-101.3497854
Galilea,Albergue,21.1079366,-101.6835742
Casa de la Caridad Hogar del Migrante,Albergue,22.1647841,-100.9701881
Casa del Migrante Saltillo,Albergue,25.4040977,-101.0248526
Centro de Día Jesús Torres,Albergue,25.4985795,-103.3996323
Posada del Peregrino Cáritas de Torreón,Albergue,25.5398529,-103.3974238
Ejército de Salvación en Piedras Negras,Albergue,28.708685,-100.5215919
Frontera Digna,Albergue,28.7049032,-100.5218564
Emmaus,Albergue,29.3115351,-100.9228339
Casanicolás,Albergue,25.6642132,-100.2144739
Casa Indi,Albergue,25.6987509,-100.3259542
Comedor Casa Monarca,Comedor,25.6694542,-100.4617468
Nazareth,Albergue,27.4875118,-99.4848195
Nuestra Señora de Guadalupe (Reynosa),Albergue,26.097071,-98.2868182
Senda de Vida,Albergue,26.0998877,-98.2845526
San Juan Diego y San Francisco de Asís,Albergue,25.8370289,-97.4860038
Camino a la Vida,Albergue,21.8859981,-102.3075858
Sembrando Esperanza,Albergue,22.7640846,-102.658088
FM4 Paso Libre,Albergue,20.6674382,-103.379065
El Refugio,Albergue,20.6012698,-103.3495971
Obsidiana,Albergue,21.0393064,-104.3709025
Casa de la Esperanza San José,Albergue,21.5107421,-104.8885511
Comedor Amigos de San José y María,Comedor,23.2023809,-106.4226531
Cáritas Mazatlán,Albergue,23.254298,-106.4268149
Una Gota en el Océano,Albergue,23.2380675,-106.3851732
Uno de Siete Migrando,Albergue,28.701004,-106.1047821
Madre Teresa de Calcuta,Comedor,28.3926332,-106.9065022
Casa del migrante Juárez,Albergue,31.6828867,-106.3796683
Comedor San Luis Gonzaga,Comedor,29.1156609,-110.8965213
CAMDEP KINO,Albergue,31.3300596,-110.9644821
San Juan Bosco,Albergue,31.3134257,-110.9433928
Casa Nazareth,Albergue,31.3281961,-110.9662504
CAM Exodus,Albergue,31.3288459,-109.5662142
Centro de Recursos para Migrantes,Albergue,31.3332966,-109.5611638
Casas YMCA de menores migrantes (Agua Prieta),Albergue,31.3278378,-109.5398744
CCAMYN,Albergue,30.7182932,-111.8396545
Comedor CCAM Caborca,Comedor,30.7185086,-112.1539885
La Divina Providencia,Albergue,32.4748416,-114.7730048
Alfa y Omega,Albergue,32.6614594,-115.4917189
Hotel de los Migrantes Ángeles sin Fronteras,Albergue,32.6626989,-115.495064
Casa Betania Diócesis de Mexicali,Albergue,32.6071536,-115.4437065
Centro Pastoral Maná,Albergue,32.6456765,-115.4584464
Comedor Cobina,Comedor,32.6600362,-115.490532
El Camino a un Nuevo Amanecer,Albergue,32.6535819,-115.4790553
Grupo de Ayuda para el Migrante,Albergue,32.6560579,-115.4987363
Juvenil del Desierto Menores Migrantes,Albergue,32.6544804,-115.4653269
Casa del Migrante Tecate,Albergue,32.5629723,-116.6039563
San Vicente,Albergue,31.8669166,-116.6009625
Casa de Oración del Migrante,Albergue,32.530414,-116.9980122
Casa del Deportado Sagrado Corazón,Albergue,32.5390823,-117.0541606
Casa del Migrante en Tijuana,Albergue,32.5229482,-117.0017929
Casa Puerta de Esperanza,Albergue,32.5337959,-117.0067949
Ejército de Salvación (Tijuana),Albergue,32.5353128,-117.0124358
La Viña de Tijuana,Albergue,32.5400929,-117.0454695
Madre Assunta,Albergue,32.523395,-117.0013542
Movimiento Juventud 2000,Albergue,32.5403182,-117.0393728
Desayunador Padre Chava,Comedor,32.5367559,-117.032126
Roca de Salvación,Albergue,32.4703451,-116.9060353
Templo Embajadores de Jesús,Albergue,32.5078566,-117.0797079
Volviendo a la Patria,Albergue,32.5359546,-117.0001271
Casas YMCA de menores migrantes (Tijuana),Albergue,32.5137959,-117.0215203
Madre Assunta, Albergue, 32.5233950, -117.0013542
Movimiento Juventud 2000, Albergue, 32.5403182, -117.0393728
Desayunador Padre Chava, Comedor, 32.5367559, -117.0321260
Roca de Salvación, Albergue, 32.4703451, -116.9060353
Templo Embajadores de Jesús, Albergue, 32.5078566, -117.0797079
Volviendo a la Patria, Albergue, 32.5359546, -117.0001271
Casas YMCA de menores migrantes (Tijuana), Albergue, 32.5137959, -117.0215203